{"train/loss": 0.0885, "train/learning_rate": 7.8003120124805e-08, "train/epoch": 5.0, "train/global_step": 3705, "_timestamp": 1704866417.9209638, "_runtime": 1094.5262217521667, "_step": 377, "eval/loss": 0.199181467294693, "eval/precision": 0.77577505407354, "eval/recall": 0.8421052631578947, "eval/f1": 0.8075804484473216, "eval/accuracy": 0.9487059424484932, "eval/runtime": 6.9241, "eval/samples_per_second": 592.281, "eval/steps_per_second": 4.766, "train/train_runtime": 850.0964, "train/train_samples_per_second": 139.367, "train/train_steps_per_second": 4.358, "train/total_flos": 561939926001456.0, "train/train_loss": 0.23365436072452508, "overall_precision": 0.7831760690624373, "overall_recall": 0.801685162351007, "overall_f1": 0.7923225347821671, "overall_accuracy": 0.9498053362074654}