{"train/loss": 0.0498, "train/learning_rate": 1.801801801801802e-07, "train/epoch": 10.0, "train/global_step": 2220, "_timestamp": 1702284838.6760721, "_runtime": 851.6173450946808, "_step": 54, "eval/loss": 0.12763136625289917, "eval/runtime": 3.073, "eval/samples_per_second": 69.964, "eval/steps_per_second": 8.786, "train/train_runtime": 853.4226, "train/train_samples_per_second": 20.81, "train/train_steps_per_second": 2.601, "train/total_flos": 2403670394142720.0, "train/train_loss": 0.06584870259504061}