{"train/loss": 0.1223, "train/learning_rate": 1.801801801801802e-07, "train/epoch": 5.0, "train/global_step": 1110, "_timestamp": 1702280642.805624, "_runtime": 494.26146697998047, "_step": 29, "eval/loss": 0.3359127938747406, "eval/runtime": 3.2573, "eval/samples_per_second": 66.006, "eval/steps_per_second": 8.289, "train/train_runtime": 446.4359, "train/train_samples_per_second": 19.891, "train/train_steps_per_second": 2.486, "train/total_flos": 1201835197071360.0, "train/train_loss": 0.7932301231332728}