{"train/loss": 0.0703, "train/learning_rate": 1.801801801801802e-07, "train/epoch": 10.0, "train/global_step": 2220, "_timestamp": 1702311885.572152, "_runtime": 1120.1159069538116, "_step": 54, "eval/loss": 0.16254612803459167, "eval/runtime": 4.5762, "eval/samples_per_second": 46.983, "eval/steps_per_second": 5.9, "train/train_runtime": 1122.0995, "train/train_samples_per_second": 15.827, "train/train_steps_per_second": 1.978, "train/total_flos": 3301415363543040.0, "train/train_loss": 2.2734092900344915}