{"train/loss": 0.0654, "train/learning_rate": 1.801801801801802e-07, "train/epoch": 10.0, "train/global_step": 2220, "_timestamp": 1702298419.210183, "_runtime": 936.4351689815521, "_step": 54, "eval/loss": 0.1626342386007309, "eval/runtime": 3.9413, "eval/samples_per_second": 54.55, "eval/steps_per_second": 6.85, "train/train_runtime": 938.4612, "train/train_samples_per_second": 18.925, "train/train_steps_per_second": 2.366, "train/total_flos": 2403670394142720.0, "train/train_loss": 0.41993976681082096}