{"GeographicalLocation": {"precision": 0.016185677202626356, "recall": 0.07881040892193308, "f1": 0.02685583987838865, "number": 1345}, "Habitat": {"precision": 0.0, "recall": 0.0, "f1": 0.0, "number": 188}, "Person": {"precision": 0.0, "recall": 0.0, "f1": 0.0, "number": 463}, "Taxon": {"precision": 0.0036790469516468113, "recall": 0.008039816232771823, "f1": 0.0050480769230769225, "number": 2612}, "TemporalExpression": {"precision": 0.004945710874879199, "recall": 0.3372093023255814, "f1": 0.009748445291052718, "number": 258}, "overall_precision": 0.006712040899538939, "overall_recall": 0.04397862720920674, "overall_f1": 0.011646575417018148, "overall_accuracy": 0.06161054043947826, "_timestamp": 1704864299.4769795, "_runtime": 351.8062446117401, "_step": 1, "_wandb": {"runtime": 80}}